id;nombre;apellido_1;apellido_2;fecha_nacimiento;fecha_contratacion;fecha_baja;dni
1;Gerente parsing;sensor Guantes;direccional;2021-09-21;2021-09-21;2021-09-21;Terrenos 
2;Humano Cataluña Yemen;Andalucía Humano Salchichas;Negro;2021-09-22;2021-09-21;2021-09-21;Money
3;Navarra proyección;Acero mano turn-key;Partida;2021-09-21;2021-09-21;2021-09-21;architect
4;Pescado;Madrid Bricolaje solutions;Berkshire;2021-09-22;2021-09-21;2021-09-21;navigate 
5;connect;overriding Supervisor Papelería;AI;2021-09-21;2021-09-22;2021-09-22;Soporte p
6;connect deposit;Papelería Aragón blockchains;Cuesta auxiliary;2021-09-21;2021-09-21;2021-09-22;Plástico 
7;Métricas mano;Money;Buckinghamshire;2021-09-21;2021-09-22;2021-09-22;Diverso
8;feed Loan;Borders Lanka;Caserio Digitalizado Ladrillo;2021-09-21;2021-09-21;2021-09-22;Banglades
9;Camiseta Increible fases;Gris Plástico deploy;leverage XSS;2021-09-21;2021-09-21;2021-09-21;Librería 
10;deposit Pescado;index web;alarm;2021-09-22;2021-09-21;2021-09-21;óptima Ba
